ARGF.class,1
Bundler::Definition,1
Bundler::Dsl,1
Bundler::LockfileParser,1
Bundler::Molinillo::ResolutionState,1
Bundler::Molinillo::Resolver,1
Bundler::Molinillo::Resolver::Resolution,1
Bundler::Resolver,1
Bundler::RubygemsIntegration::MoreFuture,1
Bundler::Runtime,1
Bundler::Settings,1
Bundler::SourceList,1
Bundler::UI::RGProxy,1
Bundler::UI::Silent,1
Enginevib::Controller,1
Enginevib::Main,1
Enginevib::Output,1
Enginevib::Scheduler,1
Enginevib::Sensor,1
Enginevib::Stats,1
Enginevib::System,1
Errno::EEXIST,1
IO,1
IOError,1
Module,1
NoMemoryError,1
OpenSSL::X509::Store,1
OptionParser,1
OptionParser::CompletingHash,1
Process::Status,1
Resolv,1
Resolv::DNS,1
Resolv::DNS::Config,1
Resolv::Hosts,1
SystemStackError,1
ThreadGroup,1
URI::RFC2396_Parser,1
URI::RFC3986_Parser,1
fatal,1
Bundler::Source::Path,2
Curses::Window,2
Enginevib::Averager,2
Monitor,2
OptionParser::Switch::OptionalArgument,2
OptionParser::Switch::RequiredArgument,2
Gem::PathSupport,3
Object,3
OptionParser::List,3
Bundler::Source::Rubygems,4
LoadError,4
Bundler::Index,5
OptionParser::Switch::NoArgument,5
OptionParser::OptionMap,6
Bundler::SpecSet,9
Mutex,10
NoMethodError,10
Bundler::Molinillo::PossibilityState,15
Bundler::Molinillo::DependencyState,16
Regexp,17
Time,17
Bundler::Resolver::SpecGroup,18
Gem::Platform,20
Bundler::StubSpecification,21
Bundler::Dependency,23
Bundler::LazySpecification,25
Bundler::Molinillo::DependencyGraph,32
URI::HTTPS,33
Class,35
Gem::StubSpecification::StubLine,36
Gem::StubSpecification,42
File,46
Pathname,70
Gem::Version,80
Set,96
Bundler::DepProxy,103
Gem::Dependency,104
Gem::Specification,105
Range,157
Bundler::Molinillo::DependencyGraph::Edge,204
Hash,322
Bundler::Molinillo::DependencyGraph::Vertex,347
Gem::Requirement,369
String,1214
Array,1540
IO::EAGAINWaitReadable,3894
